,Sector,Year,FDI(â‚¹ Crores),FDI(US$ Million)
0,METALLURGICAL INDUSTRIES,2000-01,103.65,22.69
1,MINING,2000-01,6.03,1.32
2,POWER,2000-01,408.47,89.42
3,NON-CONVENTIONAL ENERGY,2000-01,0.0,0.0
4,COAL PRODUCTION,2000-01,0.0,0.0
5,PETROLEUM & NATURAL GAS,2000-01,42.71,9.35
6,BOILERS AND STEAM GENERATING PLANTS,2000-01,0.0,0.0
7,PRIME MOVER (OTHER THAN ELECTRICAL GENERATORS),2000-01,0.0,0.0
8,ELECTRICAL EQUIPMENTS,2000-01,364.34,79.76
9,COMPUTER SOFTWARE & HARDWARE,2000-01,1043.29,228.39
10,ELECTRONICS,2000-01,38.1,8.34
11,TELECOMMUNICATIONS,2000-01,811.69,177.69
12,INFORMATION & BROADCASTING (INCLUDING PRINT MEDIA),2000-01,372.29,81.5
13,AUTOMOBILE INDUSTRY,2000-01,892.27,195.33
14,AIR TRANSPORT (INCLUDING AIR FREIGHT),2000-01,0.0,0.0
15,SEA TRANSPORT,2000-01,11.01,2.41
16,PORTS,2000-01,0.0,0.0
17,RAILWAY RELATED COMPONENTS,2000-01,0.0,0.0
18,INDUSTRIAL MACHINERY,2000-01,25.03,5.48
19,MACHINE TOOLS,2000-01,6.49,1.42
20,AGRICULTURAL MACHINERY,2000-01,16.63,3.64
21,EARTH-MOVING MACHINERY,2000-01,0.0,0.0
22,MISCELLANEOUS MECHANICAL & ENGINEERING INDUSTRIES,2000-01,203.28,44.5
23,"COMMERCIAL, OFFICE & HOUSEHOLD EQUIPMENTS",2000-01,55.73,12.2
24,MEDICAL AND SURGICAL APPLIANCES,2000-01,24.76,5.42
25,INDUSTRIAL INSTRUMENTS,2000-01,4.61,1.01
26,SCIENTIFIC INSTRUMENTS,2000-01,36.86,8.07
27,"MATHEMATICAL,SURVEYING AND DRAWING INSTRUMENTS",2000-01,0.0,0.0
28,FERTILIZERS,2000-01,0.0,0.0
29,CHEMICALS (OTHER THAN FERTILIZERS),2000-01,507.69,111.14
30,PHOTOGRAPHIC RAW FILM AND PAPER,2000-01,0.0,0.0
31,DYE-STUFFS,2000-01,4.8,1.05
32,DRUGS & PHARMACEUTICALS,2000-01,164.17,35.94
33,"TEXTILES (INCLUDING DYED,PRINTED)",2000-01,9.41,2.06
34,PAPER AND PULP (INCLUDING PAPER PRODUCTS),2000-01,274.26,60.04
35,SUGAR,2000-01,0.0,0.0
36,FERMENTATION INDUSTRIES,2000-01,73.18,16.02
37,FOOD PROCESSING INDUSTRIES,2000-01,208.99,45.75
38,VEGETABLE OILS AND VANASPATI,2000-01,0.0,0.0
39,"SOAPS, COSMETICS & TOILET PREPARATIONS",2000-01,0.0,0.0
40,RUBBER GOODS,2000-01,0.46,0.1
41,"LEATHER,LEATHER GOODS AND PICKERS",2000-01,44.54,9.75
42,GLUE AND GELATIN,2000-01,0.0,0.0
43,GLASS,2000-01,154.72,33.87
44,CERAMICS,2000-01,18.41,4.03
45,CEMENT AND GYPSUM PRODUCTS,2000-01,309.34,67.72
46,TIMBER PRODUCTS,2000-01,0.0,0.0
47,DEFENCE INDUSTRIES,2000-01,0.0,0.0
48,CONSULTANCY SERVICES,2000-01,19.41,4.25
49,"SERVICES SECTOR (Fin.,Banking,Insurance,Non Fin/Business,Outsourcing,R&D,Courier,Tech. Testing and Analysis, Other)",2000-01,326.06,71.38
50,HOSPITAL & DIAGNOSTIC CENTRES,2000-01,0.0,0.0
51,EDUCATION,2000-01,0.0,0.0
52,HOTEL & TOURISM,2000-01,60.3,13.2
53,TRADING,2000-01,52.49,11.49
54,RETAIL TRADING,2000-01,0.0,0.0
55,AGRICULTURE SERVICES,2000-01,80.03,17.52
56,"DIAMOND,GOLD ORNAMENTS",2000-01,86.02,18.83
57,TEA AND COFFEE (PROCESSING & WAREHOUSING COFFEE & RUBBER),2000-01,92.41,20.23
58,PRINTING OF BOOKS (INCLUDING LITHO PRINTING INDUSTRY),2000-01,0.0,0.0
59,COIR,2000-01,0.0,0.0
60,CONSTRUCTION (INFRASTRUCTURE) ACTIVITIES,2000-01,0.0,0.0
61,"CONSTRUCTION DEVELOPMENT: Townships, housing, built-up infrastructure and construction-development projects",2000-01,111.14,24.33
62,MISCELLANEOUS INDUSTRIES,2000-01,3800.9,832.07
63,METALLURGICAL INDUSTRIES,2001-02,67.43,14.14
64,MINING,2001-02,31.09,6.52
65,POWER,2001-02,3612.23,757.44
66,NON-CONVENTIONAL ENERGY,2001-02,0.0,0.0
67,COAL PRODUCTION,2001-02,0.0,0.0
68,PETROLEUM & NATURAL GAS,2001-02,1006.59,211.07
69,BOILERS AND STEAM GENERATING PLANTS,2001-02,0.0,0.0
70,PRIME MOVER (OTHER THAN ELECTRICAL GENERATORS),2001-02,0.0,0.0
71,ELECTRICAL EQUIPMENTS,2001-02,313.61,65.76
72,COMPUTER SOFTWARE & HARDWARE,2001-02,2000.07,419.39
73,ELECTRONICS,2001-02,59.47,12.47
74,TELECOMMUNICATIONS,2001-02,4164.43,873.23
75,INFORMATION & BROADCASTING (INCLUDING PRINT MEDIA),2001-02,21.65,4.54
76,AUTOMOBILE INDUSTRY,2001-02,1124.34,235.76
77,AIR TRANSPORT (INCLUDING AIR FREIGHT),2001-02,0.0,0.0
78,SEA TRANSPORT,2001-02,94.47,19.81
79,PORTS,2001-02,73.82,15.48
80,RAILWAY RELATED COMPONENTS,2001-02,0.0,0.0
81,INDUSTRIAL MACHINERY,2001-02,152.8,32.04
82,MACHINE TOOLS,2001-02,20.55,4.31
83,AGRICULTURAL MACHINERY,2001-02,4.96,1.04
84,EARTH-MOVING MACHINERY,2001-02,0.52,0.11
85,MISCELLANEOUS MECHANICAL & ENGINEERING INDUSTRIES,2001-02,292.82,61.4
86,"COMMERCIAL, OFFICE & HOUSEHOLD EQUIPMENTS",2001-02,23.23,4.87
87,MEDICAL AND SURGICAL APPLIANCES,2001-02,201.97,42.35
88,INDUSTRIAL INSTRUMENTS,2001-02,24.18,5.07
89,SCIENTIFIC INSTRUMENTS,2001-02,11.11,2.33
90,"MATHEMATICAL,SURVEYING AND DRAWING INSTRUMENTS",2001-02,0.0,0.0
91,FERTILIZERS,2001-02,0.0,0.0
92,CHEMICALS (OTHER THAN FERTILIZERS),2001-02,416.0,87.23
93,PHOTOGRAPHIC RAW FILM AND PAPER,2001-02,0.0,0.0
94,DYE-STUFFS,2001-02,0.86,0.18
95,DRUGS & PHARMACEUTICALS,2001-02,371.7,77.94
96,"TEXTILES (INCLUDING DYED,PRINTED)",2001-02,25.18,5.28
97,PAPER AND PULP (INCLUDING PAPER PRODUCTS),2001-02,79.64,16.7
98,SUGAR,2001-02,0.0,0.0
99,FERMENTATION INDUSTRIES,2001-02,52.65,11.04
100,FOOD PROCESSING INDUSTRIES,2001-02,1046.27,219.39
101,VEGETABLE OILS AND VANASPATI,2001-02,0.0,0.0
102,"SOAPS, COSMETICS & TOILET PREPARATIONS",2001-02,0.0,0.0
103,RUBBER GOODS,2001-02,221.23,46.39
104,"LEATHER,LEATHER GOODS AND PICKERS",2001-02,0.95,0.2
105,GLUE AND GELATIN,2001-02,4.48,0.94
106,GLASS,2001-02,39.92,8.37
107,CERAMICS,2001-02,3.72,0.78
108,CEMENT AND GYPSUM PRODUCTS,2001-02,667.18,139.9
109,TIMBER PRODUCTS,2001-02,0.24,0.05
110,DEFENCE INDUSTRIES,2001-02,0.0,0.0
111,CONSULTANCY SERVICES,2001-02,315.8,66.22
112,"SERVICES SECTOR (Fin.,Banking,Insurance,Non Fin/Business,Outsourcing,R&D,Courier,Tech. Testing and Analysis, Other)",2001-02,896.33,187.95
113,HOSPITAL & DIAGNOSTIC CENTRES,2001-02,33.05,6.93
114,EDUCATION,2001-02,0.0,0.0
115,HOTEL & TOURISM,2001-02,153.18,32.12
116,TRADING,2001-02,206.35,43.27
117,RETAIL TRADING,2001-02,0.0,0.0
118,AGRICULTURE SERVICES,2001-02,67.05,14.06
119,"DIAMOND,GOLD ORNAMENTS",2001-02,1.72,0.36
120,TEA AND COFFEE (PROCESSING & WAREHOUSING COFFEE & RUBBER),2001-02,0.67,0.14
121,PRINTING OF BOOKS (INCLUDING LITHO PRINTING INDUSTRY),2001-02,0.0,0.0
122,COIR,2001-02,0.0,0.0
123,CONSTRUCTION (INFRASTRUCTURE) ACTIVITIES,2001-02,0.0,0.0
124,"CONSTRUCTION DEVELOPMENT: Townships, housing, built-up infrastructure and construction-development projects",2001-02,246.8,51.75
125,MISCELLANEOUS INDUSTRIES,2001-02,1055.71,221.37
126,METALLURGICAL INDUSTRIES,2002-03,177.19,36.61
127,MINING,2002-03,48.69,10.06
128,POWER,2002-03,286.09,59.11
129,NON-CONVENTIONAL ENERGY,2002-03,8.23,1.7
130,COAL PRODUCTION,2002-03,0.0,0.0
131,PETROLEUM & NATURAL GAS,2002-03,274.82,56.78
132,BOILERS AND STEAM GENERATING PLANTS,2002-03,0.0,0.0
133,PRIME MOVER (OTHER THAN ELECTRICAL GENERATORS),2002-03,0.0,0.0
134,ELECTRICAL EQUIPMENTS,2002-03,168.0,34.71
135,COMPUTER SOFTWARE & HARDWARE,2002-03,1520.92,314.24
136,ELECTRONICS,2002-03,1432.06,295.88
137,TELECOMMUNICATIONS,2002-03,927.34,191.6
138,INFORMATION & BROADCASTING (INCLUDING PRINT MEDIA),2002-03,176.66,36.5
139,AUTOMOBILE INDUSTRY,2002-03,2032.61,419.96
140,AIR TRANSPORT (INCLUDING AIR FREIGHT),2002-03,18.39,3.8
141,SEA TRANSPORT,2002-03,141.91,29.32
142,PORTS,2002-03,9.83,2.03
143,RAILWAY RELATED COMPONENTS,2002-03,2.71,0.56
144,INDUSTRIAL MACHINERY,2002-03,93.9,19.4
145,MACHINE TOOLS,2002-03,68.58,14.17
146,AGRICULTURAL MACHINERY,2002-03,65.24,13.48
147,EARTH-MOVING MACHINERY,2002-03,66.65,13.77
148,MISCELLANEOUS MECHANICAL & ENGINEERING INDUSTRIES,2002-03,218.14,45.07
149,"COMMERCIAL, OFFICE & HOUSEHOLD EQUIPMENTS",2002-03,11.28,2.33
150,MEDICAL AND SURGICAL APPLIANCES,2002-03,104.69,21.63
151,INDUSTRIAL INSTRUMENTS,2002-03,6.34,1.31
152,SCIENTIFIC INSTRUMENTS,2002-03,0.92,0.19
153,"MATHEMATICAL,SURVEYING AND DRAWING INSTRUMENTS",2002-03,0.0,0.0
154,FERTILIZERS,2002-03,79.28,16.38
155,CHEMICALS (OTHER THAN FERTILIZERS),2002-03,620.1,128.12
156,PHOTOGRAPHIC RAW FILM AND PAPER,2002-03,2.9,0.6
157,DYE-STUFFS,2002-03,0.0,0.0
158,DRUGS & PHARMACEUTICALS,2002-03,193.94,40.07
159,"TEXTILES (INCLUDING DYED,PRINTED)",2002-03,262.23,54.18
160,PAPER AND PULP (INCLUDING PAPER PRODUCTS),2002-03,35.62,7.36
161,SUGAR,2002-03,19.21,3.97
162,FERMENTATION INDUSTRIES,2002-03,39.06,8.07
163,FOOD PROCESSING INDUSTRIES,2002-03,178.5,36.88
164,VEGETABLE OILS AND VANASPATI,2002-03,0.0,0.0
165,"SOAPS, COSMETICS & TOILET PREPARATIONS",2002-03,0.0,0.0
166,RUBBER GOODS,2002-03,79.47,16.42
167,"LEATHER,LEATHER GOODS AND PICKERS",2002-03,0.05,0.01
168,GLUE AND GELATIN,2002-03,25.26,5.22
169,GLASS,2002-03,217.7,44.98
170,CERAMICS,2002-03,1.02,0.21
171,CEMENT AND GYPSUM PRODUCTS,2002-03,102.03,21.08
172,TIMBER PRODUCTS,2002-03,0.19,0.04
173,DEFENCE INDUSTRIES,2002-03,0.0,0.0
174,CONSULTANCY SERVICES,2002-03,124.39,25.7
175,"SERVICES SECTOR (Fin.,Banking,Insurance,Non Fin/Business,Outsourcing,R&D,Courier,Tech. Testing and Analysis, Other)",2002-03,1434.29,296.34
176,HOSPITAL & DIAGNOSTIC CENTRES,2002-03,140.99,29.13
177,EDUCATION,2002-03,0.0,0.0
178,HOTEL & TOURISM,2002-03,163.35,33.75
179,TRADING,2002-03,184.55,38.13
180,RETAIL TRADING,2002-03,0.0,0.0
181,AGRICULTURE SERVICES,2002-03,53.29,11.01
182,"DIAMOND,GOLD ORNAMENTS",2002-03,6.29,1.3
183,TEA AND COFFEE (PROCESSING & WAREHOUSING COFFEE & RUBBER),2002-03,0.0,0.0
184,PRINTING OF BOOKS (INCLUDING LITHO PRINTING INDUSTRY),2002-03,30.49,6.3
185,COIR,2002-03,0.0,0.0
186,CONSTRUCTION (INFRASTRUCTURE) ACTIVITIES,2002-03,0.0,0.0
187,"CONSTRUCTION DEVELOPMENT: Townships, housing, built-up infrastructure and construction-development projects",2002-03,174.72,36.1
188,MISCELLANEOUS INDUSTRIES,2002-03,1058.8,218.76
189,METALLURGICAL INDUSTRIES,2003-04,37.27,8.11
190,MINING,2003-04,107.89,23.48
191,POWER,2003-04,124.48,27.09
192,NON-CONVENTIONAL ENERGY,2003-04,19.02,4.14
193,COAL PRODUCTION,2003-04,0.18,0.04
194,PETROLEUM & NATURAL GAS,2003-04,370.54,80.64
195,BOILERS AND STEAM GENERATING PLANTS,2003-04,0.18,0.04
196,PRIME MOVER (OTHER THAN ELECTRICAL GENERATORS),2003-04,0.0,0.0
197,ELECTRICAL EQUIPMENTS,2003-04,336.35,73.2
198,COMPUTER SOFTWARE & HARDWARE,2003-04,1692.43,368.32
199,ELECTRONICS,2003-04,378.21,82.31
200,TELECOMMUNICATIONS,2003-04,397.42,86.49
201,INFORMATION & BROADCASTING (INCLUDING PRINT MEDIA),2003-04,63.04,13.72
202,AUTOMOBILE INDUSTRY,2003-04,547.22,119.09
203,AIR TRANSPORT (INCLUDING AIR FREIGHT),2003-04,4.32,0.94
204,SEA TRANSPORT,2003-04,100.86,21.95
205,PORTS,2003-04,534.67,116.36
206,RAILWAY RELATED COMPONENTS,2003-04,13.56,2.95
207,INDUSTRIAL MACHINERY,2003-04,14.61,3.18
208,MACHINE TOOLS,2003-04,250.47,54.51
209,AGRICULTURAL MACHINERY,2003-04,218.45,47.54
210,EARTH-MOVING MACHINERY,2003-04,0.05,0.01
211,MISCELLANEOUS MECHANICAL & ENGINEERING INDUSTRIES,2003-04,104.44,22.73
212,"COMMERCIAL, OFFICE & HOUSEHOLD EQUIPMENTS",2003-04,47.83,10.41
213,MEDICAL AND SURGICAL APPLIANCES,2003-04,9.05,1.97
214,INDUSTRIAL INSTRUMENTS,2003-04,1.38,0.3
215,SCIENTIFIC INSTRUMENTS,2003-04,0.09,0.02
216,"MATHEMATICAL,SURVEYING AND DRAWING INSTRUMENTS",2003-04,0.0,0.0
217,FERTILIZERS,2003-04,99.16,21.58
218,CHEMICALS (OTHER THAN FERTILIZERS),2003-04,93.0,20.24
219,PHOTOGRAPHIC RAW FILM AND PAPER,2003-04,1.1,0.24
220,DYE-STUFFS,2003-04,1.98,0.43
221,DRUGS & PHARMACEUTICALS,2003-04,500.44,108.91
222,"TEXTILES (INCLUDING DYED,PRINTED)",2003-04,42.92,9.34
223,PAPER AND PULP (INCLUDING PAPER PRODUCTS),2003-04,32.85,7.15
224,SUGAR,2003-04,0.0,0.0
225,FERMENTATION INDUSTRIES,2003-04,7.81,1.7
226,FOOD PROCESSING INDUSTRIES,2003-04,501.87,109.22
227,VEGETABLE OILS AND VANASPATI,2003-04,7.77,1.69
228,"SOAPS, COSMETICS & TOILET PREPARATIONS",2003-04,0.0,0.0
229,RUBBER GOODS,2003-04,29.27,6.37
230,"LEATHER,LEATHER GOODS AND PICKERS",2003-04,34.69,7.55
231,GLUE AND GELATIN,2003-04,0.0,0.0
232,GLASS,2003-04,24.08,5.24
233,CERAMICS,2003-04,6.75,1.47
234,CEMENT AND GYPSUM PRODUCTS,2003-04,44.02,9.58
235,TIMBER PRODUCTS,2003-04,0.51,0.11
236,DEFENCE INDUSTRIES,2003-04,0.0,0.0
237,CONSULTANCY SERVICES,2003-04,212.29,46.2
238,"SERVICES SECTOR (Fin.,Banking,Insurance,Non Fin/Business,Outsourcing,R&D,Courier,Tech. Testing and Analysis, Other)",2003-04,1245.93,271.15
239,HOSPITAL & DIAGNOSTIC CENTRES,2003-04,110.65,24.08
240,EDUCATION,2003-04,0.87,0.19
241,HOTEL & TOURISM,2003-04,226.81,49.36
242,TRADING,2003-04,143.0,31.12
243,RETAIL TRADING,2003-04,0.0,0.0
244,AGRICULTURE SERVICES,2003-04,2.71,0.59
245,"DIAMOND,GOLD ORNAMENTS",2003-04,9.01,1.96
246,TEA AND COFFEE (PROCESSING & WAREHOUSING COFFEE & RUBBER),2003-04,1.47,0.32
247,PRINTING OF BOOKS (INCLUDING LITHO PRINTING INDUSTRY),2003-04,0.0,0.0
248,COIR,2003-04,0.0,0.0
249,CONSTRUCTION (INFRASTRUCTURE) ACTIVITIES,2003-04,0.0,0.0
250,"CONSTRUCTION DEVELOPMENT: Townships, housing, built-up infrastructure and construction-development projects",2003-04,216.15,47.04
251,MISCELLANEOUS INDUSTRIES,2003-04,1082.03,235.48
252,METALLURGICAL INDUSTRIES,2004-05,900.31,200.38
253,MINING,2004-05,44.57,9.92
254,POWER,2004-05,194.86,43.37
255,NON-CONVENTIONAL ENERGY,2004-05,5.71,1.27
256,COAL PRODUCTION,2004-05,0.0,0.0
257,PETROLEUM & NATURAL GAS,2004-05,461.79,102.78
258,BOILERS AND STEAM GENERATING PLANTS,2004-05,2.43,0.54
259,PRIME MOVER (OTHER THAN ELECTRICAL GENERATORS),2004-05,11.95,2.66
260,ELECTRICAL EQUIPMENTS,2004-05,437.62,97.4
261,COMPUTER SOFTWARE & HARDWARE,2004-05,2371.85,527.9
262,ELECTRONICS,2004-05,395.83,88.1
263,TELECOMMUNICATIONS,2004-05,531.66,118.33
264,INFORMATION & BROADCASTING (INCLUDING PRINT MEDIA),2004-05,44.26,9.85
265,AUTOMOBILE INDUSTRY,2004-05,548.01,121.97
266,AIR TRANSPORT (INCLUDING AIR FREIGHT),2004-05,18.47,4.11
267,SEA TRANSPORT,2004-05,166.02,36.95
268,PORTS,2004-05,58.59,13.04
269,RAILWAY RELATED COMPONENTS,2004-05,48.3,10.75
270,INDUSTRIAL MACHINERY,2004-05,39.94,8.89
271,MACHINE TOOLS,2004-05,49.6,11.04
272,AGRICULTURAL MACHINERY,2004-05,0.0,0.0
273,EARTH-MOVING MACHINERY,2004-05,0.45,0.1
274,MISCELLANEOUS MECHANICAL & ENGINEERING INDUSTRIES,2004-05,57.65,12.83
275,"COMMERCIAL, OFFICE & HOUSEHOLD EQUIPMENTS",2004-05,63.49,14.13
276,MEDICAL AND SURGICAL APPLIANCES,2004-05,24.04,5.35
277,INDUSTRIAL INSTRUMENTS,2004-05,4.85,1.08
278,SCIENTIFIC INSTRUMENTS,2004-05,0.13,0.03
279,"MATHEMATICAL,SURVEYING AND DRAWING INSTRUMENTS",2004-05,0.0,0.0
280,FERTILIZERS,2004-05,60.48,13.46
281,CHEMICALS (OTHER THAN FERTILIZERS),2004-05,311.77,69.39
282,PHOTOGRAPHIC RAW FILM AND PAPER,2004-05,27.68,6.16
283,DYE-STUFFS,2004-05,5.3,1.18
284,DRUGS & PHARMACEUTICALS,2004-05,1318.07,293.36
285,"TEXTILES (INCLUDING DYED,PRINTED)",2004-05,193.38,43.04
286,PAPER AND PULP (INCLUDING PAPER PRODUCTS),2004-05,12.13,2.7
287,SUGAR,2004-05,13.21,2.94
288,FERMENTATION INDUSTRIES,2004-05,624.53,139.0
289,FOOD PROCESSING INDUSTRIES,2004-05,197.6,43.98
290,VEGETABLE OILS AND VANASPATI,2004-05,40.84,9.09
291,"SOAPS, COSMETICS & TOILET PREPARATIONS",2004-05,4.0,0.89
292,RUBBER GOODS,2004-05,179.99,40.06
293,"LEATHER,LEATHER GOODS AND PICKERS",2004-05,1.98,0.44
294,GLUE AND GELATIN,2004-05,0.0,0.0
295,GLASS,2004-05,37.56,8.36
296,CERAMICS,2004-05,120.37,26.79
297,CEMENT AND GYPSUM PRODUCTS,2004-05,0.72,0.16
298,TIMBER PRODUCTS,2004-05,0.31,0.07
299,DEFENCE INDUSTRIES,2004-05,0.22,0.05
300,CONSULTANCY SERVICES,2004-05,1134.12,252.42
301,"SERVICES SECTOR (Fin.,Banking,Insurance,Non Fin/Business,Outsourcing,R&D,Courier,Tech. Testing and Analysis, Other)",2004-05,2049.48,456.15
302,HOSPITAL & DIAGNOSTIC CENTRES,2004-05,117.67,26.19
303,EDUCATION,2004-05,8.85,1.97
304,HOTEL & TOURISM,2004-05,166.29,37.01
305,TRADING,2004-05,63.89,14.22
306,RETAIL TRADING,2004-05,0.0,0.0
307,AGRICULTURE SERVICES,2004-05,17.21,3.83
308,"DIAMOND,GOLD ORNAMENTS",2004-05,38.55,8.58
309,TEA AND COFFEE (PROCESSING & WAREHOUSING COFFEE & RUBBER),2004-05,0.04,0.01
310,PRINTING OF BOOKS (INCLUDING LITHO PRINTING INDUSTRY),2004-05,0.27,0.06
311,COIR,2004-05,2.11,0.47
312,CONSTRUCTION (INFRASTRUCTURE) ACTIVITIES,2004-05,0.0,0.0
313,"CONSTRUCTION DEVELOPMENT: Townships, housing, built-up infrastructure and construction-development projects",2004-05,683.21,152.06
314,MISCELLANEOUS INDUSTRIES,2004-05,547.38,121.83
315,METALLURGICAL INDUSTRIES,2005-06,660.2,149.13
316,MINING,2005-06,32.76,7.4
317,POWER,2005-06,321.8,72.69
318,NON-CONVENTIONAL ENERGY,2005-06,5.98,1.35
319,COAL PRODUCTION,2005-06,40.46,9.14
320,PETROLEUM & NATURAL GAS,2005-06,53.52,12.09
321,BOILERS AND STEAM GENERATING PLANTS,2005-06,0.0,0.0
322,PRIME MOVER (OTHER THAN ELECTRICAL GENERATORS),2005-06,3.28,0.74
323,ELECTRICAL EQUIPMENTS,2005-06,174.87,39.5
324,COMPUTER SOFTWARE & HARDWARE,2005-06,6020.59,1359.97
325,ELECTRONICS,2005-06,181.11,40.91
326,TELECOMMUNICATIONS,2005-06,2735.8,617.98
327,INFORMATION & BROADCASTING (INCLUDING PRINT MEDIA),2005-06,247.6,55.93
328,AUTOMOBILE INDUSTRY,2005-06,619.47,139.93
329,AIR TRANSPORT (INCLUDING AIR FREIGHT),2005-06,45.47,10.27
330,SEA TRANSPORT,2005-06,237.42,53.63
331,PORTS,2005-06,2.21,0.5
332,RAILWAY RELATED COMPONENTS,2005-06,100.14,22.62
333,INDUSTRIAL MACHINERY,2005-06,189.48,42.8
334,MACHINE TOOLS,2005-06,101.82,23.0
335,AGRICULTURAL MACHINERY,2005-06,410.43,92.71
336,EARTH-MOVING MACHINERY,2005-06,225.2,50.87
337,MISCELLANEOUS MECHANICAL & ENGINEERING INDUSTRIES,2005-06,226.75,51.22
338,"COMMERCIAL, OFFICE & HOUSEHOLD EQUIPMENTS",2005-06,113.07,25.54
339,MEDICAL AND SURGICAL APPLIANCES,2005-06,6.73,1.52
340,INDUSTRIAL INSTRUMENTS,2005-06,1.68,0.38
341,SCIENTIFIC INSTRUMENTS,2005-06,0.44,0.1
342,"MATHEMATICAL,SURVEYING AND DRAWING INSTRUMENTS",2005-06,0.0,0.0
343,FERTILIZERS,2005-06,18.77,4.24
344,CHEMICALS (OTHER THAN FERTILIZERS),2005-06,1716.44,387.72
345,PHOTOGRAPHIC RAW FILM AND PAPER,2005-06,0.0,0.0
346,DYE-STUFFS,2005-06,0.0,0.0
347,DRUGS & PHARMACEUTICALS,2005-06,763.39,172.44
348,"TEXTILES (INCLUDING DYED,PRINTED)",2005-06,417.6,94.33
349,PAPER AND PULP (INCLUDING PAPER PRODUCTS),2005-06,121.21,27.38
350,SUGAR,2005-06,13.28,3.0
351,FERMENTATION INDUSTRIES,2005-06,751.84,169.83
352,FOOD PROCESSING INDUSTRIES,2005-06,184.78,41.74
353,VEGETABLE OILS AND VANASPATI,2005-06,54.5,12.31
354,"SOAPS, COSMETICS & TOILET PREPARATIONS",2005-06,387.01,87.42
355,RUBBER GOODS,2005-06,150.92,34.09
356,"LEATHER,LEATHER GOODS AND PICKERS",2005-06,4.91,1.11
357,GLUE AND GELATIN,2005-06,0.0,0.0
358,GLASS,2005-06,3.59,0.81
359,CERAMICS,2005-06,25.1,5.67
360,CEMENT AND GYPSUM PRODUCTS,2005-06,2001.36,452.08
361,TIMBER PRODUCTS,2005-06,1.46,0.33
362,DEFENCE INDUSTRIES,2005-06,0.0,0.0
363,CONSULTANCY SERVICES,2005-06,209.84,47.4
364,"SERVICES SECTOR (Fin.,Banking,Insurance,Non Fin/Business,Outsourcing,R&D,Courier,Tech. Testing and Analysis, Other)",2005-06,2428.7,548.61
365,HOSPITAL & DIAGNOSTIC CENTRES,2005-06,144.01,32.53
366,EDUCATION,2005-06,13.99,3.16
367,HOTEL & TOURISM,2005-06,317.77,71.78
368,TRADING,2005-06,128.07,28.93
369,RETAIL TRADING,2005-06,0.0,0.0
370,AGRICULTURE SERVICES,2005-06,40.2,9.08
371,"DIAMOND,GOLD ORNAMENTS",2005-06,68.71,15.52
372,TEA AND COFFEE (PROCESSING & WAREHOUSING COFFEE & RUBBER),2005-06,6.33,1.43
373,PRINTING OF BOOKS (INCLUDING LITHO PRINTING INDUSTRY),2005-06,43.83,9.9
374,COIR,2005-06,2.61,0.59
375,CONSTRUCTION (INFRASTRUCTURE) ACTIVITIES,2005-06,4.12,0.93
376,"CONSTRUCTION DEVELOPMENT: Townships, housing, built-up infrastructure and construction-development projects",2005-06,1012.5,228.71
377,MISCELLANEOUS INDUSTRIES,2005-06,729.39,164.76
378,METALLURGICAL INDUSTRIES,2006-07,768.81,169.94
379,MINING,2006-07,29.95,6.62
380,POWER,2006-07,710.95,157.15
381,NON-CONVENTIONAL ENERGY,2006-07,11.04,2.44
382,COAL PRODUCTION,2006-07,5.88,1.3
383,PETROLEUM & NATURAL GAS,2006-07,396.8,87.71
384,BOILERS AND STEAM GENERATING PLANTS,2006-07,14.97,3.31
385,PRIME MOVER (OTHER THAN ELECTRICAL GENERATORS),2006-07,115.68,25.57
386,ELECTRICAL EQUIPMENTS,2006-07,347.67,76.85
387,COMPUTER SOFTWARE & HARDWARE,2006-07,11822.7,2613.33
388,ELECTRONICS,2006-07,190.64,42.14
389,TELECOMMUNICATIONS,2006-07,2155.73,476.51
390,INFORMATION & BROADCASTING (INCLUDING PRINT MEDIA),2006-07,342.47,75.7
391,AUTOMOBILE INDUSTRY,2006-07,1179.5,260.72
392,AIR TRANSPORT (INCLUDING AIR FREIGHT),2006-07,281.8,62.29
393,SEA TRANSPORT,2006-07,328.08,72.52
394,PORTS,2006-07,0.0,0.0
395,RAILWAY RELATED COMPONENTS,2006-07,116.81,25.82
396,INDUSTRIAL MACHINERY,2006-07,117.44,25.96
397,MACHINE TOOLS,2006-07,168.65,37.28
398,AGRICULTURAL MACHINERY,2006-07,113.96,25.19
399,EARTH-MOVING MACHINERY,2006-07,4.48,0.99
400,MISCELLANEOUS MECHANICAL & ENGINEERING INDUSTRIES,2006-07,382.01,84.44
401,"COMMERCIAL, OFFICE & HOUSEHOLD EQUIPMENTS",2006-07,24.52,5.42
402,MEDICAL AND SURGICAL APPLIANCES,2006-07,60.76,13.43
403,INDUSTRIAL INSTRUMENTS,2006-07,0.0,0.0
404,SCIENTIFIC INSTRUMENTS,2006-07,0.32,0.07
405,"MATHEMATICAL,SURVEYING AND DRAWING INSTRUMENTS",2006-07,0.0,0.0
406,FERTILIZERS,2006-07,22.67,5.01
407,CHEMICALS (OTHER THAN FERTILIZERS),2006-07,628.16,138.85
408,PHOTOGRAPHIC RAW FILM AND PAPER,2006-07,12.71,2.81
409,DYE-STUFFS,2006-07,0.0,0.0
410,DRUGS & PHARMACEUTICALS,2006-07,1014.28,224.2
411,"TEXTILES (INCLUDING DYED,PRINTED)",2006-07,574.1,126.9
412,PAPER AND PULP (INCLUDING PAPER PRODUCTS),2006-07,22.98,5.08
413,SUGAR,2006-07,44.56,9.85
414,FERMENTATION INDUSTRIES,2006-07,124.77,27.58
415,FOOD PROCESSING INDUSTRIES,2006-07,461.45,102.0
416,VEGETABLE OILS AND VANASPATI,2006-07,73.38,16.22
417,"SOAPS, COSMETICS & TOILET PREPARATIONS",2006-07,27.32,6.04
418,RUBBER GOODS,2006-07,84.82,18.75
419,"LEATHER,LEATHER GOODS AND PICKERS",2006-07,37.37,8.26
420,GLUE AND GELATIN,2006-07,0.0,0.0
421,GLASS,2006-07,6.47,1.43
422,CERAMICS,2006-07,552.97,122.23
423,CEMENT AND GYPSUM PRODUCTS,2006-07,1096.93,242.47
424,TIMBER PRODUCTS,2006-07,0.0,0.0
425,DEFENCE INDUSTRIES,2006-07,0.0,0.0
426,CONSULTANCY SERVICES,2006-07,518.81,114.68
427,"SERVICES SECTOR (Fin.,Banking,Insurance,Non Fin/Business,Outsourcing,R&D,Courier,Tech. Testing and Analysis, Other)",2006-07,21325.14,4713.78
428,HOSPITAL & DIAGNOSTIC CENTRES,2006-07,172.55,38.14
429,EDUCATION,2006-07,189.15,41.81
430,HOTEL & TOURISM,2006-07,885.17,195.66
431,TRADING,2006-07,518.68,114.65
432,RETAIL TRADING,2006-07,0.0,0.0
433,AGRICULTURE SERVICES,2006-07,56.69,12.53
434,"DIAMOND,GOLD ORNAMENTS",2006-07,280.35,61.97
435,TEA AND COFFEE (PROCESSING & WAREHOUSING COFFEE & RUBBER),2006-07,28.05,6.2
436,PRINTING OF BOOKS (INCLUDING LITHO PRINTING INDUSTRY),2006-07,90.66,20.04
437,COIR,2006-07,0.18,0.04
438,CONSTRUCTION (INFRASTRUCTURE) ACTIVITIES,2006-07,289.81,64.06
439,"CONSTRUCTION DEVELOPMENT: Townships, housing, built-up infrastructure and construction-development projects",2006-07,6301.71,1392.95
440,MISCELLANEOUS INDUSTRIES,2006-07,1379.23,304.87
441,METALLURGICAL INDUSTRIES,2007-08,4733.57,1175.75
442,MINING,2007-08,1788.99,444.36
443,POWER,2007-08,3980.43,988.68
444,NON-CONVENTIONAL ENERGY,2007-08,236.81,58.82
445,COAL PRODUCTION,2007-08,56.69,14.08
446,PETROLEUM & NATURAL GAS,2007-08,5656.69,1405.04
447,BOILERS AND STEAM GENERATING PLANTS,2007-08,6.08,1.51
448,PRIME MOVER (OTHER THAN ELECTRICAL GENERATORS),2007-08,163.17,40.53
449,ELECTRICAL EQUIPMENTS,2007-08,2631.96,653.74
450,COMPUTER SOFTWARE & HARDWARE,2007-08,5564.94,1382.25
451,ELECTRONICS,2007-08,547.66,136.03
452,TELECOMMUNICATIONS,2007-08,5075.58,1260.7
453,INFORMATION & BROADCASTING (INCLUDING PRINT MEDIA),2007-08,1161.46,288.49
454,AUTOMOBILE INDUSTRY,2007-08,2641.46,656.1
455,AIR TRANSPORT (INCLUDING AIR FREIGHT),2007-08,398.9,99.08
456,SEA TRANSPORT,2007-08,516.78,128.36
457,PORTS,2007-08,3696.59,918.18
458,RAILWAY RELATED COMPONENTS,2007-08,49.96,12.41
459,INDUSTRIAL MACHINERY,2007-08,481.39,119.57
460,MACHINE TOOLS,2007-08,228.96,56.87
461,AGRICULTURAL MACHINERY,2007-08,27.05,6.72
462,EARTH-MOVING MACHINERY,2007-08,273.53,67.94
463,MISCELLANEOUS MECHANICAL & ENGINEERING INDUSTRIES,2007-08,850.09,211.15
464,"COMMERCIAL, OFFICE & HOUSEHOLD EQUIPMENTS",2007-08,39.58,9.83
465,MEDICAL AND SURGICAL APPLIANCES,2007-08,53.02,13.17
466,INDUSTRIAL INSTRUMENTS,2007-08,8.98,2.23
467,SCIENTIFIC INSTRUMENTS,2007-08,0.0,0.0
468,"MATHEMATICAL,SURVEYING AND DRAWING INSTRUMENTS",2007-08,5.11,1.27
469,FERTILIZERS,2007-08,7.85,1.95
470,CHEMICALS (OTHER THAN FERTILIZERS),2007-08,940.88,233.7
471,PHOTOGRAPHIC RAW FILM AND PAPER,2007-08,220.87,54.86
472,DYE-STUFFS,2007-08,22.18,5.51
473,DRUGS & PHARMACEUTICALS,2007-08,1370.25,340.35
474,"TEXTILES (INCLUDING DYED,PRINTED)",2007-08,746.42,185.4
475,PAPER AND PULP (INCLUDING PAPER PRODUCTS),2007-08,125.77,31.24
476,SUGAR,2007-08,40.54,10.07
477,FERMENTATION INDUSTRIES,2007-08,1087.22,270.05
478,FOOD PROCESSING INDUSTRIES,2007-08,282.5,70.17
479,VEGETABLE OILS AND VANASPATI,2007-08,6.16,1.53
480,"SOAPS, COSMETICS & TOILET PREPARATIONS",2007-08,25.69,6.38
481,RUBBER GOODS,2007-08,60.87,15.12
482,"LEATHER,LEATHER GOODS AND PICKERS",2007-08,30.03,7.46
483,GLUE AND GELATIN,2007-08,9.18,2.28
484,GLASS,2007-08,44.45,11.04
485,CERAMICS,2007-08,463.43,115.11
486,CEMENT AND GYPSUM PRODUCTS,2007-08,68.0,16.89
487,TIMBER PRODUCTS,2007-08,1.57,0.39
488,DEFENCE INDUSTRIES,2007-08,0.0,0.0
489,CONSULTANCY SERVICES,2007-08,939.35,233.32
490,"SERVICES SECTOR (Fin.,Banking,Insurance,Non Fin/Business,Outsourcing,R&D,Courier,Tech. Testing and Analysis, Other)",2007-08,28126.32,6986.17
491,HOSPITAL & DIAGNOSTIC CENTRES,2007-08,973.33,241.76
492,EDUCATION,2007-08,175.49,43.59
493,HOTEL & TOURISM,2007-08,1696.84,421.47
494,TRADING,2007-08,1389.05,345.02
495,RETAIL TRADING,2007-08,5.11,1.27
496,AGRICULTURE SERVICES,2007-08,234.03,58.13
497,"DIAMOND,GOLD ORNAMENTS",2007-08,238.14,59.15
498,TEA AND COFFEE (PROCESSING & WAREHOUSING COFFEE & RUBBER),2007-08,76.25,18.94
499,PRINTING OF BOOKS (INCLUDING LITHO PRINTING INDUSTRY),2007-08,143.08,35.54
500,COIR,2007-08,0.04,0.01
501,CONSTRUCTION (INFRASTRUCTURE) ACTIVITIES,2007-08,736.44,182.92
502,"CONSTRUCTION DEVELOPMENT: Townships, housing, built-up infrastructure and construction-development projects",2007-08,15650.39,3887.33
503,MISCELLANEOUS INDUSTRIES,2007-08,2127.42,528.42
504,METALLURGICAL INDUSTRIES,2008-09,4415.72,959.94
505,MINING,2008-09,157.14,34.16
506,POWER,2008-09,4175.24,907.66
507,NON-CONVENTIONAL ENERGY,2008-09,579.05,125.88
508,COAL PRODUCTION,2008-09,1.01,0.22
509,PETROLEUM & NATURAL GAS,2008-09,1606.73,349.29
510,BOILERS AND STEAM GENERATING PLANTS,2008-09,0.0,0.0
511,PRIME MOVER (OTHER THAN ELECTRICAL GENERATORS),2008-09,344.45,74.88
512,ELECTRICAL EQUIPMENTS,2008-09,1919.81,417.35
513,COMPUTER SOFTWARE & HARDWARE,2008-09,7099.36,1543.34
514,ELECTRONICS,2008-09,678.55,147.51
515,TELECOMMUNICATIONS,2008-09,11723.7,2548.63
516,INFORMATION & BROADCASTING (INCLUDING PRINT MEDIA),2008-09,3381.18,735.04
517,AUTOMOBILE INDUSTRY,2008-09,5290.14,1150.03
518,AIR TRANSPORT (INCLUDING AIR FREIGHT),2008-09,282.3,61.37
519,SEA TRANSPORT,2008-09,230.97,50.21
520,PORTS,2008-09,2268.49,493.15
521,RAILWAY RELATED COMPONENTS,2008-09,82.85,18.01
522,INDUSTRIAL MACHINERY,2008-09,508.48,110.54
523,MACHINE TOOLS,2008-09,210.04,45.66
524,AGRICULTURAL MACHINERY,2008-09,25.62,5.57
525,EARTH-MOVING MACHINERY,2008-09,10.44,2.27
526,MISCELLANEOUS MECHANICAL & ENGINEERING INDUSTRIES,2008-09,654.63,142.31
527,"COMMERCIAL, OFFICE & HOUSEHOLD EQUIPMENTS",2008-09,58.1,12.63
528,MEDICAL AND SURGICAL APPLIANCES,2008-09,346.93,75.42
529,INDUSTRIAL INSTRUMENTS,2008-09,80.41,17.48
530,SCIENTIFIC INSTRUMENTS,2008-09,3.82,0.83
531,"MATHEMATICAL,SURVEYING AND DRAWING INSTRUMENTS",2008-09,0.0,0.0
532,FERTILIZERS,2008-09,615.25,133.75
533,CHEMICALS (OTHER THAN FERTILIZERS),2008-09,2995.61,651.22
534,PHOTOGRAPHIC RAW FILM AND PAPER,2008-09,4.83,1.05
535,DYE-STUFFS,2008-09,5.38,1.17
536,DRUGS & PHARMACEUTICALS,2008-09,19535.1,4246.76
537,"TEXTILES (INCLUDING DYED,PRINTED)",2008-09,724.59,157.52
538,PAPER AND PULP (INCLUDING PAPER PRODUCTS),2008-09,1253.55,272.51
539,SUGAR,2008-09,23.05,5.01
540,FERMENTATION INDUSTRIES,2008-09,665.62,144.7
541,FOOD PROCESSING INDUSTRIES,2008-09,472.47,102.71
542,VEGETABLE OILS AND VANASPATI,2008-09,197.25,42.88
543,"SOAPS, COSMETICS & TOILET PREPARATIONS",2008-09,101.34,22.03
544,RUBBER GOODS,2008-09,390.45,84.88
545,"LEATHER,LEATHER GOODS AND PICKERS",2008-09,15.27,3.32
546,GLUE AND GELATIN,2008-09,0.0,0.0
547,GLASS,2008-09,106.54,23.16
548,CERAMICS,2008-09,912.78,198.43
549,CEMENT AND GYPSUM PRODUCTS,2008-09,3334.08,724.8
550,TIMBER PRODUCTS,2008-09,51.84,11.27
551,DEFENCE INDUSTRIES,2008-09,0.0,0.0
552,CONSULTANCY SERVICES,2008-09,1180.31,256.59
553,"SERVICES SECTOR (Fin.,Banking,Insurance,Non Fin/Business,Outsourcing,R&D,Courier,Tech. Testing and Analysis, Other)",2008-09,28444.05,6183.49
554,HOSPITAL & DIAGNOSTIC CENTRES,2008-09,1102.67,239.71
555,EDUCATION,2008-09,986.79,214.52
556,HOTEL & TOURISM,2008-09,2134.03,463.92
557,TRADING,2008-09,2960.74,643.64
558,RETAIL TRADING,2008-09,0.41,0.09
559,AGRICULTURE SERVICES,2008-09,24.61,5.35
560,"DIAMOND,GOLD ORNAMENTS",2008-09,384.1,83.5
561,TEA AND COFFEE (PROCESSING & WAREHOUSING COFFEE & RUBBER),2008-09,170.57,37.08
562,PRINTING OF BOOKS (INCLUDING LITHO PRINTING INDUSTRY),2008-09,145.41,31.61
563,COIR,2008-09,0.0,0.0
564,CONSTRUCTION (INFRASTRUCTURE) ACTIVITIES,2008-09,794.42,172.7
565,"CONSTRUCTION DEVELOPMENT: Townships, housing, built-up infrastructure and construction-development projects",2008-09,21424.55,4657.51
566,MISCELLANEOUS INDUSTRIES,2008-09,7128.62,1549.7
567,METALLURGICAL INDUSTRIES,2009-10,1991.91,419.88
568,MINING,2009-10,827.35,174.4
569,POWER,2009-10,6033.37,1271.79
570,NON-CONVENTIONAL ENERGY,2009-10,2953.23,622.52
571,COAL PRODUCTION,2009-10,0.0,0.0
572,PETROLEUM & NATURAL GAS,2009-10,1259.67,265.53
573,BOILERS AND STEAM GENERATING PLANTS,2009-10,18.79,3.96
574,PRIME MOVER (OTHER THAN ELECTRICAL GENERATORS),2009-10,187.39,39.5
575,ELECTRICAL EQUIPMENTS,2009-10,3454.91,728.27
576,COMPUTER SOFTWARE & HARDWARE,2009-10,4136.1,871.86
577,ELECTRONICS,2009-10,247.35,52.14
578,TELECOMMUNICATIONS,2009-10,12046.25,2539.26
579,INFORMATION & BROADCASTING (INCLUDING PRINT MEDIA),2009-10,2328.5,490.83
580,AUTOMOBILE INDUSTRY,2009-10,5864.96,1236.29
581,AIR TRANSPORT (INCLUDING AIR FREIGHT),2009-10,112.48,23.71
582,SEA TRANSPORT,2009-10,1351.33,284.85
583,PORTS,2009-10,310.31,65.41
584,RAILWAY RELATED COMPONENTS,2009-10,163.34,34.43
585,INDUSTRIAL MACHINERY,2009-10,1621.88,341.88
586,MACHINE TOOLS,2009-10,634.89,133.83
587,AGRICULTURAL MACHINERY,2009-10,8.92,1.88
588,EARTH-MOVING MACHINERY,2009-10,74.1,15.62
589,MISCELLANEOUS MECHANICAL & ENGINEERING INDUSTRIES,2009-10,709.65,149.59
590,"COMMERCIAL, OFFICE & HOUSEHOLD EQUIPMENTS",2009-10,374.68,78.98
591,MEDICAL AND SURGICAL APPLIANCES,2009-10,793.91,167.35
592,INDUSTRIAL INSTRUMENTS,2009-10,36.1,7.61
593,SCIENTIFIC INSTRUMENTS,2009-10,0.0,0.0
594,"MATHEMATICAL,SURVEYING AND DRAWING INSTRUMENTS",2009-10,0.0,0.0
595,FERTILIZERS,2009-10,38.9,8.2
596,CHEMICALS (OTHER THAN FERTILIZERS),2009-10,1736.02,365.94
597,PHOTOGRAPHIC RAW FILM AND PAPER,2009-10,0.0,0.0
598,DYE-STUFFS,2009-10,19.07,4.02
599,DRUGS & PHARMACEUTICALS,2009-10,1010.85,213.08
600,"TEXTILES (INCLUDING DYED,PRINTED)",2009-10,712.88,150.27
601,PAPER AND PULP (INCLUDING PAPER PRODUCTS),2009-10,77.9,16.42
602,SUGAR,2009-10,0.47,0.1
603,FERMENTATION INDUSTRIES,2009-10,531.42,112.02
604,FOOD PROCESSING INDUSTRIES,2009-10,1323.05,278.89
605,VEGETABLE OILS AND VANASPATI,2009-10,330.85,69.74
606,"SOAPS, COSMETICS & TOILET PREPARATIONS",2009-10,116.61,24.58
607,RUBBER GOODS,2009-10,114.43,24.12
608,"LEATHER,LEATHER GOODS AND PICKERS",2009-10,24.0,5.06
609,GLUE AND GELATIN,2009-10,1.28,0.27
610,GLASS,2009-10,13.43,2.83
611,CERAMICS,2009-10,34.2,7.21
612,CEMENT AND GYPSUM PRODUCTS,2009-10,160.35,33.8
613,TIMBER PRODUCTS,2009-10,31.03,6.54
614,DEFENCE INDUSTRIES,2009-10,0.0,0.0
615,CONSULTANCY SERVICES,2009-10,1619.17,341.31
616,"SERVICES SECTOR (Fin.,Banking,Insurance,Non Fin/Business,Outsourcing,R&D,Courier,Tech. Testing and Analysis, Other)",2009-10,19803.97,4174.53
617,HOSPITAL & DIAGNOSTIC CENTRES,2009-10,643.14,135.57
618,EDUCATION,2009-10,300.53,63.35
619,HOTEL & TOURISM,2009-10,3572.33,753.02
620,TRADING,2009-10,3500.83,737.95
621,RETAIL TRADING,2009-10,65.14,13.73
622,AGRICULTURE SERVICES,2009-10,5798.21,1222.22
623,"DIAMOND,GOLD ORNAMENTS",2009-10,147.44,31.08
624,TEA AND COFFEE (PROCESSING & WAREHOUSING COFFEE & RUBBER),2009-10,38.66,8.15
625,PRINTING OF BOOKS (INCLUDING LITHO PRINTING INDUSTRY),2009-10,334.5,70.51
626,COIR,2009-10,1.19,0.25
627,CONSTRUCTION (INFRASTRUCTURE) ACTIVITIES,2009-10,1539.71,324.56
628,"CONSTRUCTION DEVELOPMENT: Townships, housing, built-up infrastructure and construction-development projects",2009-10,25931.32,5466.13
629,MISCELLANEOUS INDUSTRIES,2009-10,5444.02,1147.56
630,METALLURGICAL INDUSTRIES,2010-11,5003.13,1098.14
631,MINING,2010-11,362.25,79.51
632,POWER,2010-11,5794.18,1271.77
633,NON-CONVENTIONAL ENERGY,2010-11,976.81,214.4
634,COAL PRODUCTION,2010-11,0.0,0.0
635,PETROLEUM & NATURAL GAS,2010-11,2535.1,556.43
636,BOILERS AND STEAM GENERATING PLANTS,2010-11,2.87,0.63
637,PRIME MOVER (OTHER THAN ELECTRICAL GENERATORS),2010-11,758.3,166.44
638,ELECTRICAL EQUIPMENTS,2010-11,701.17,153.9
639,COMPUTER SOFTWARE & HARDWARE,2010-11,3552.81,779.81
640,ELECTRONICS,2010-11,272.08,59.72
641,TELECOMMUNICATIONS,2010-11,7583.46,1664.5
642,INFORMATION & BROADCASTING (INCLUDING PRINT MEDIA),2010-11,1877.57,412.11
643,AUTOMOBILE INDUSTRY,2010-11,5920.11,1299.41
644,AIR TRANSPORT (INCLUDING AIR FREIGHT),2010-11,622.35,136.6
645,SEA TRANSPORT,2010-11,1369.12,300.51
646,PORTS,2010-11,49.75,10.92
647,RAILWAY RELATED COMPONENTS,2010-11,321.93,70.66
648,INDUSTRIAL MACHINERY,2010-11,2131.84,467.92
649,MACHINE TOOLS,2010-11,52.99,11.63
650,AGRICULTURAL MACHINERY,2010-11,2.23,0.49
651,EARTH-MOVING MACHINERY,2010-11,8.06,1.77
652,MISCELLANEOUS MECHANICAL & ENGINEERING INDUSTRIES,2010-11,495.1,108.67
653,"COMMERCIAL, OFFICE & HOUSEHOLD EQUIPMENTS",2010-11,114.45,25.12
654,MEDICAL AND SURGICAL APPLIANCES,2010-11,146.79,32.22
655,INDUSTRIAL INSTRUMENTS,2010-11,116.09,25.48
656,SCIENTIFIC INSTRUMENTS,2010-11,11.34,2.49
657,"MATHEMATICAL,SURVEYING AND DRAWING INSTRUMENTS",2010-11,0.0,0.0
658,FERTILIZERS,2010-11,82.83,18.18
659,CHEMICALS (OTHER THAN FERTILIZERS),2010-11,10726.65,2354.4
660,PHOTOGRAPHIC RAW FILM AND PAPER,2010-11,3.69,0.81
661,DYE-STUFFS,2010-11,24.47,5.37
662,DRUGS & PHARMACEUTICALS,2010-11,953.94,209.38
663,"TEXTILES (INCLUDING DYED,PRINTED)",2010-11,590.69,129.65
664,PAPER AND PULP (INCLUDING PAPER PRODUCTS),2010-11,29.75,6.53
665,SUGAR,2010-11,0.77,0.17
666,FERMENTATION INDUSTRIES,2010-11,262.93,57.71
667,FOOD PROCESSING INDUSTRIES,2010-11,859.58,188.67
668,VEGETABLE OILS AND VANASPATI,2010-11,264.57,58.07
669,"SOAPS, COSMETICS & TOILET PREPARATIONS",2010-11,468.81,102.9
670,RUBBER GOODS,2010-11,78.41,17.21
671,"LEATHER,LEATHER GOODS AND PICKERS",2010-11,42.19,9.26
672,GLUE AND GELATIN,2010-11,0.05,0.01
673,GLASS,2010-11,34.63,7.6
674,CERAMICS,2010-11,54.67,12.0
675,CEMENT AND GYPSUM PRODUCTS,2010-11,2905.27,637.68
676,TIMBER PRODUCTS,2010-11,7.2,1.58
677,DEFENCE INDUSTRIES,2010-11,0.0,0.0
678,CONSULTANCY SERVICES,2010-11,1252.17,274.84
679,"SERVICES SECTOR (Fin.,Banking,Insurance,Non Fin/Business,Outsourcing,R&D,Courier,Tech. Testing and Analysis, Other)",2010-11,15016.99,3296.09
680,HOSPITAL & DIAGNOSTIC CENTRES,2010-11,1166.34,256.0
681,EDUCATION,2010-11,172.85,37.94
682,HOTEL & TOURISM,2010-11,1403.48,308.05
683,TRADING,2010-11,2269.07,498.04
684,RETAIL TRADING,2010-11,119.69,26.27
685,AGRICULTURE SERVICES,2010-11,200.01,43.9
686,"DIAMOND,GOLD ORNAMENTS",2010-11,89.25,19.59
687,TEA AND COFFEE (PROCESSING & WAREHOUSING COFFEE & RUBBER),2010-11,14.21,3.12
688,PRINTING OF BOOKS (INCLUDING LITHO PRINTING INDUSTRY),2010-11,166.89,36.63
689,COIR,2010-11,0.46,0.1
690,CONSTRUCTION (INFRASTRUCTURE) ACTIVITIES,2010-11,3075.62,675.07
691,"CONSTRUCTION DEVELOPMENT: Townships, housing, built-up infrastructure and construction-development projects",2010-11,7576.76,1663.03
692,MISCELLANEOUS INDUSTRIES,2010-11,6724.52,1475.97
693,METALLURGICAL INDUSTRIES,2011-12,8573.47,1786.14
694,MINING,2011-12,684.72,142.65
695,POWER,2011-12,7931.42,1652.38
696,NON-CONVENTIONAL ENERGY,2011-12,2170.42,452.17
697,COAL PRODUCTION,2011-12,0.0,0.0
698,PETROLEUM & NATURAL GAS,2011-12,9743.9,2029.98
699,BOILERS AND STEAM GENERATING PLANTS,2011-12,152.59,31.79
700,PRIME MOVER (OTHER THAN ELECTRICAL GENERATORS),2011-12,1506.0,313.75
701,ELECTRICAL EQUIPMENTS,2011-12,2718.67,566.39
702,COMPUTER SOFTWARE & HARDWARE,2011-12,3822.48,796.35
703,ELECTRONICS,2011-12,933.17,194.41
704,TELECOMMUNICATIONS,2011-12,9586.75,1997.24
705,INFORMATION & BROADCASTING (INCLUDING PRINT MEDIA),2011-12,3244.61,675.96
706,AUTOMOBILE INDUSTRY,2011-12,4430.35,922.99
707,AIR TRANSPORT (INCLUDING AIR FREIGHT),2011-12,149.86,31.22
708,SEA TRANSPORT,2011-12,620.93,129.36
709,PORTS,2011-12,0.0,0.0
710,RAILWAY RELATED COMPONENTS,2011-12,202.9,42.27
711,INDUSTRIAL MACHINERY,2011-12,2979.17,620.66
712,MACHINE TOOLS,2011-12,613.78,127.87
713,AGRICULTURAL MACHINERY,2011-12,13.3,2.77
714,EARTH-MOVING MACHINERY,2011-12,78.72,16.4
715,MISCELLANEOUS MECHANICAL & ENGINEERING INDUSTRIES,2011-12,6217.63,1295.34
716,"COMMERCIAL, OFFICE & HOUSEHOLD EQUIPMENTS",2011-12,139.39,29.04
717,MEDICAL AND SURGICAL APPLIANCES,2011-12,679.73,141.61
718,INDUSTRIAL INSTRUMENTS,2011-12,19.15,3.99
719,SCIENTIFIC INSTRUMENTS,2011-12,33.98,7.08
720,"MATHEMATICAL,SURVEYING AND DRAWING INSTRUMENTS",2011-12,0.0,0.0
721,FERTILIZERS,2011-12,156.48,32.6
722,CHEMICALS (OTHER THAN FERTILIZERS),2011-12,19395.41,4040.71
723,PHOTOGRAPHIC RAW FILM AND PAPER,2011-12,0.0,0.0
724,DYE-STUFFS,2011-12,2.78,0.58
725,DRUGS & PHARMACEUTICALS,2011-12,15514.94,3232.28
726,"TEXTILES (INCLUDING DYED,PRINTED)",2011-12,788.11,164.19
727,PAPER AND PULP (INCLUDING PAPER PRODUCTS),2011-12,1955.28,407.35
728,SUGAR,2011-12,21.31,4.44
729,FERMENTATION INDUSTRIES,2011-12,334.56,69.7
730,FOOD PROCESSING INDUSTRIES,2011-12,817.01,170.21
731,VEGETABLE OILS AND VANASPATI,2011-12,312.1,65.02
732,"SOAPS, COSMETICS & TOILET PREPARATIONS",2011-12,1065.98,222.08
733,RUBBER GOODS,2011-12,899.38,187.37
734,"LEATHER,LEATHER GOODS AND PICKERS",2011-12,39.84,8.3
735,GLUE AND GELATIN,2011-12,28.03,5.84
736,GLASS,2011-12,154.66,32.22
737,CERAMICS,2011-12,47.38,9.87
738,CEMENT AND GYPSUM PRODUCTS,2011-12,1285.92,267.9
739,TIMBER PRODUCTS,2011-12,142.08,29.6
740,DEFENCE INDUSTRIES,2011-12,17.57,3.66
741,CONSULTANCY SERVICES,2011-12,1391.47,289.89
742,"SERVICES SECTOR (Fin.,Banking,Insurance,Non Fin/Business,Outsourcing,R&D,Courier,Tech. Testing and Analysis, Other)",2011-12,25036.7,5215.98
743,HOSPITAL & DIAGNOSTIC CENTRES,2011-12,1490.06,310.43
744,EDUCATION,2011-12,506.98,105.62
745,HOTEL & TOURISM,2011-12,4765.73,992.86
746,TRADING,2011-12,3511.44,731.55
747,RETAIL TRADING,2011-12,152.16,31.7
748,AGRICULTURE SERVICES,2011-12,235.3,49.02
749,"DIAMOND,GOLD ORNAMENTS",2011-12,174.24,36.3
750,TEA AND COFFEE (PROCESSING & WAREHOUSING COFFEE & RUBBER),2011-12,25.54,5.32
751,PRINTING OF BOOKS (INCLUDING LITHO PRINTING INDUSTRY),2011-12,227.47,47.39
752,COIR,2011-12,2.64,0.55
753,CONSTRUCTION (INFRASTRUCTURE) ACTIVITIES,2011-12,1854.14,386.28
754,"CONSTRUCTION DEVELOPMENT: Townships, housing, built-up infrastructure and construction-development projects",2011-12,15075.74,3140.78
755,MISCELLANEOUS INDUSTRIES,2011-12,3904.22,813.38
756,METALLURGICAL INDUSTRIES,2012-13,7977.76,1466.23
757,MINING,2012-13,314.98,57.89
758,POWER,2012-13,2914.63,535.68
759,NON-CONVENTIONAL ENERGY,2012-13,6020.58,1106.52
760,COAL PRODUCTION,2012-13,0.0,0.0
761,PETROLEUM & NATURAL GAS,2012-13,1168.73,214.8
762,BOILERS AND STEAM GENERATING PLANTS,2012-13,109.09,20.05
763,PRIME MOVER (OTHER THAN ELECTRICAL GENERATORS),2012-13,1004.41,184.6
764,ELECTRICAL EQUIPMENTS,2012-13,1065.73,195.87
765,COMPUTER SOFTWARE & HARDWARE,2012-13,2644.11,485.96
766,ELECTRONICS,2012-13,208.06,38.24
767,TELECOMMUNICATIONS,2012-13,1653.36,303.87
768,INFORMATION & BROADCASTING (INCLUDING PRINT MEDIA),2012-13,2198.38,404.04
769,AUTOMOBILE INDUSTRY,2012-13,8364.34,1537.28
770,AIR TRANSPORT (INCLUDING AIR FREIGHT),2012-13,86.46,15.89
771,SEA TRANSPORT,2012-13,351.6,64.62
772,PORTS,2012-13,0.0,0.0
773,RAILWAY RELATED COMPONENTS,2012-13,162.41,29.85
774,INDUSTRIAL MACHINERY,2012-13,2741.34,503.83
775,MACHINE TOOLS,2012-13,551.66,101.39
776,AGRICULTURAL MACHINERY,2012-13,519.13,95.41
777,EARTH-MOVING MACHINERY,2012-13,27.75,5.1
778,MISCELLANEOUS MECHANICAL & ENGINEERING INDUSTRIES,2012-13,486.7,89.45
779,"COMMERCIAL, OFFICE & HOUSEHOLD EQUIPMENTS",2012-13,132.38,24.33
780,MEDICAL AND SURGICAL APPLIANCES,2012-13,451.71,83.02
781,INDUSTRIAL INSTRUMENTS,2012-13,3.16,0.58
782,SCIENTIFIC INSTRUMENTS,2012-13,398.72,73.28
783,"MATHEMATICAL,SURVEYING AND DRAWING INSTRUMENTS",2012-13,36.51,6.71
784,FERTILIZERS,2012-13,231.51,42.55
785,CHEMICALS (OTHER THAN FERTILIZERS),2012-13,1589.64,292.16
786,PHOTOGRAPHIC RAW FILM AND PAPER,2012-13,0.0,0.0
787,DYE-STUFFS,2012-13,0.0,0.0
788,DRUGS & PHARMACEUTICALS,2012-13,6112.75,1123.46
789,"TEXTILES (INCLUDING DYED,PRINTED)",2012-13,565.27,103.89
790,PAPER AND PULP (INCLUDING PAPER PRODUCTS),2012-13,27.69,5.09
791,SUGAR,2012-13,66.71,12.26
792,FERMENTATION INDUSTRIES,2012-13,583.33,107.21
793,FOOD PROCESSING INDUSTRIES,2012-13,2184.34,401.46
794,VEGETABLE OILS AND VANASPATI,2012-13,589.75,108.39
795,"SOAPS, COSMETICS & TOILET PREPARATIONS",2012-13,870.94,160.07
796,RUBBER GOODS,2012-13,3494.1,642.18
797,"LEATHER,LEATHER GOODS AND PICKERS",2012-13,254.09,46.7
798,GLUE AND GELATIN,2012-13,0.0,0.0
799,GLASS,2012-13,1138.04,209.16
800,CERAMICS,2012-13,23.56,4.33
801,CEMENT AND GYPSUM PRODUCTS,2012-13,67.36,12.38
802,TIMBER PRODUCTS,2012-13,158.71,29.17
803,DEFENCE INDUSTRIES,2012-13,2.23,0.41
804,CONSULTANCY SERVICES,2012-13,774.36,142.32
805,"SERVICES SECTOR (Fin.,Banking,Insurance,Non Fin/Business,Outsourcing,R&D,Courier,Tech. Testing and Analysis, Other)",2012-13,26296.24,4832.98
806,HOSPITAL & DIAGNOSTIC CENTRES,2012-13,1397.58,256.86
807,EDUCATION,2012-13,936.94,172.2
808,HOTEL & TOURISM,2012-13,17732.49,3259.05
809,TRADING,2012-13,3905.55,717.8
810,RETAIL TRADING,2012-13,121.39,22.31
811,AGRICULTURE SERVICES,2012-13,878.56,161.47
812,"DIAMOND,GOLD ORNAMENTS",2012-13,286.25,52.61
813,TEA AND COFFEE (PROCESSING & WAREHOUSING COFFEE & RUBBER),2012-13,1.47,0.27
814,PRINTING OF BOOKS (INCLUDING LITHO PRINTING INDUSTRY),2012-13,78.02,14.34
815,COIR,2012-13,0.82,0.15
816,CONSTRUCTION (INFRASTRUCTURE) ACTIVITIES,2012-13,1544.65,283.89
817,"CONSTRUCTION DEVELOPMENT: Townships, housing, built-up infrastructure and construction-development projects",2012-13,7250.08,1332.49
818,MISCELLANEOUS INDUSTRIES,2012-13,1248.66,229.49
819,METALLURGICAL INDUSTRIES,2013-14,3434.16,567.63
820,MINING,2013-14,77.02,12.73
821,POWER,2013-14,6449.78,1066.08
822,NON-CONVENTIONAL ENERGY,2013-14,2506.21,414.25
823,COAL PRODUCTION,2013-14,17.91,2.96
824,PETROLEUM & NATURAL GAS,2013-14,678.99,112.23
825,BOILERS AND STEAM GENERATING PLANTS,2013-14,1.03,0.17
826,PRIME MOVER (OTHER THAN ELECTRICAL GENERATORS),2013-14,1287.32,212.78
827,ELECTRICAL EQUIPMENTS,2013-14,812.58,134.31
828,COMPUTER SOFTWARE & HARDWARE,2013-14,6813.93,1126.27
829,ELECTRONICS,2013-14,802.11,132.58
830,TELECOMMUNICATIONS,2013-14,7907.05,1306.95
831,INFORMATION & BROADCASTING (INCLUDING PRINT MEDIA),2013-14,2592.55,428.52
832,AUTOMOBILE INDUSTRY,2013-14,9179.54,1517.28
833,AIR TRANSPORT (INCLUDING AIR FREIGHT),2013-14,278.0,45.95
834,SEA TRANSPORT,2013-14,123.96,20.49
835,PORTS,2013-14,1.88,0.31
836,RAILWAY RELATED COMPONENTS,2013-14,1433.43,236.93
837,INDUSTRIAL MACHINERY,2013-14,2888.15,477.38
838,MACHINE TOOLS,2013-14,390.35,64.52
839,AGRICULTURAL MACHINERY,2013-14,295.12,48.78
840,EARTH-MOVING MACHINERY,2013-14,208.36,34.44
841,MISCELLANEOUS MECHANICAL & ENGINEERING INDUSTRIES,2013-14,1743.19,288.13
842,"COMMERCIAL, OFFICE & HOUSEHOLD EQUIPMENTS",2013-14,127.84,21.13
843,MEDICAL AND SURGICAL APPLIANCES,2013-14,1049.55,173.48
844,INDUSTRIAL INSTRUMENTS,2013-14,3.21,0.53
845,SCIENTIFIC INSTRUMENTS,2013-14,272.73,45.08
846,"MATHEMATICAL,SURVEYING AND DRAWING INSTRUMENTS",2013-14,0.0,0.0
847,FERTILIZERS,2013-14,124.93,20.65
848,CHEMICALS (OTHER THAN FERTILIZERS),2013-14,4759.9,786.76
849,PHOTOGRAPHIC RAW FILM AND PAPER,2013-14,0.0,0.0
850,DYE-STUFFS,2013-14,0.0,0.0
851,DRUGS & PHARMACEUTICALS,2013-14,7740.01,1279.34
852,"TEXTILES (INCLUDING DYED,PRINTED)",2013-14,1203.1,198.86
853,PAPER AND PULP (INCLUDING PAPER PRODUCTS),2013-14,162.5,26.86
854,SUGAR,2013-14,18.63,3.08
855,FERMENTATION INDUSTRIES,2013-14,4928.21,814.58
856,FOOD PROCESSING INDUSTRIES,2013-14,24096.48,3982.89
857,VEGETABLE OILS AND VANASPATI,2013-14,130.38,21.55
858,"SOAPS, COSMETICS & TOILET PREPARATIONS",2013-14,656.06,108.44
859,RUBBER GOODS,2013-14,2241.77,370.54
860,"LEATHER,LEATHER GOODS AND PICKERS",2013-14,37.15,6.14
861,GLUE AND GELATIN,2013-14,5.87,0.97
862,GLASS,2013-14,260.69,43.09
863,CERAMICS,2013-14,908.04,150.09
864,CEMENT AND GYPSUM PRODUCTS,2013-14,1536.76,254.01
865,TIMBER PRODUCTS,2013-14,37.27,6.16
866,DEFENCE INDUSTRIES,2013-14,4.96,0.82
867,CONSULTANCY SERVICES,2013-14,1729.39,285.85
868,"SERVICES SECTOR (Fin.,Banking,Insurance,Non Fin/Business,Outsourcing,R&D,Courier,Tech. Testing and Analysis, Other)",2013-14,13461.86,2225.1
869,HOSPITAL & DIAGNOSTIC CENTRES,2013-14,4141.71,684.58
870,EDUCATION,2013-14,1585.64,262.09
871,HOTEL & TOURISM,2013-14,2942.6,486.38
872,TRADING,2013-14,8127.51,1343.39
873,RETAIL TRADING,2013-14,68.37,11.3
874,AGRICULTURE SERVICES,2013-14,550.61,91.01
875,"DIAMOND,GOLD ORNAMENTS",2013-14,257.49,42.56
876,TEA AND COFFEE (PROCESSING & WAREHOUSING COFFEE & RUBBER),2013-14,35.45,5.86
877,PRINTING OF BOOKS (INCLUDING LITHO PRINTING INDUSTRY),2013-14,688.37,113.78
878,COIR,2013-14,3.27,0.54
879,CONSTRUCTION (INFRASTRUCTURE) ACTIVITIES,2013-14,2936.49,485.37
880,"CONSTRUCTION DEVELOPMENT: Townships, housing, built-up infrastructure and construction-development projects",2013-14,7417.6,1226.05
881,MISCELLANEOUS INDUSTRIES,2013-14,2835.88,468.74
882,METALLURGICAL INDUSTRIES,2014-15,2197.0,359.34
883,MINING,2014-15,4184.36,684.39
884,POWER,2014-15,4322.84,707.04
885,NON-CONVENTIONAL ENERGY,2014-15,3765.92,615.95
886,COAL PRODUCTION,2014-15,0.0,0.0
887,PETROLEUM & NATURAL GAS,2014-15,6597.13,1079.02
888,BOILERS AND STEAM GENERATING PLANTS,2014-15,8.13,1.33
889,PRIME MOVER (OTHER THAN ELECTRICAL GENERATORS),2014-15,1410.5,230.7
890,ELECTRICAL EQUIPMENTS,2014-15,3514.51,574.83
891,COMPUTER SOFTWARE & HARDWARE,2014-15,14037.99,2296.04
892,ELECTRONICS,2014-15,592.08,96.84
893,TELECOMMUNICATIONS,2014-15,17699.66,2894.94
894,INFORMATION & BROADCASTING (INCLUDING PRINT MEDIA),2014-15,1558.83,254.96
895,AUTOMOBILE INDUSTRY,2014-15,16664.56,2725.64
896,AIR TRANSPORT (INCLUDING AIR FREIGHT),2014-15,455.86,74.56
897,SEA TRANSPORT,2014-15,2037.31,333.22
898,PORTS,2014-15,11.62,1.9
899,RAILWAY RELATED COMPONENTS,2014-15,793.17,129.73
900,INDUSTRIAL MACHINERY,2014-15,4382.45,716.79
901,MACHINE TOOLS,2014-15,147.1,24.06
902,AGRICULTURAL MACHINERY,2014-15,442.35,72.35
903,EARTH-MOVING MACHINERY,2014-15,184.09,30.11
904,MISCELLANEOUS MECHANICAL & ENGINEERING INDUSTRIES,2014-15,1141.42,186.69
905,"COMMERCIAL, OFFICE & HOUSEHOLD EQUIPMENTS",2014-15,204.15,33.39
906,MEDICAL AND SURGICAL APPLIANCES,2014-15,892.22,145.93
907,INDUSTRIAL INSTRUMENTS,2014-15,5.2,0.85
908,SCIENTIFIC INSTRUMENTS,2014-15,197.73,32.34
909,"MATHEMATICAL,SURVEYING AND DRAWING INSTRUMENTS",2014-15,0.0,0.0
910,FERTILIZERS,2014-15,1377.61,225.32
911,CHEMICALS (OTHER THAN FERTILIZERS),2014-15,4663.51,762.76
912,PHOTOGRAPHIC RAW FILM AND PAPER,2014-15,4.59,0.75
913,DYE-STUFFS,2014-15,335.6,54.89
914,DRUGS & PHARMACEUTICALS,2014-15,9157.18,1497.74
915,"TEXTILES (INCLUDING DYED,PRINTED)",2014-15,1207.03,197.42
916,PAPER AND PULP (INCLUDING PAPER PRODUCTS),2014-15,710.51,116.21
917,SUGAR,2014-15,169.79,27.77
918,FERMENTATION INDUSTRIES,2014-15,1377.97,225.38
919,FOOD PROCESSING INDUSTRIES,2014-15,3153.97,515.86
920,VEGETABLE OILS AND VANASPATI,2014-15,906.95,148.34
921,"SOAPS, COSMETICS & TOILET PREPARATIONS",2014-15,1083.52,177.22
922,RUBBER GOODS,2014-15,1739.49,284.51
923,"LEATHER,LEATHER GOODS AND PICKERS",2014-15,209.16,34.21
924,GLUE AND GELATIN,2014-15,131.08,21.44
925,GLASS,2014-15,255.69,41.82
926,CERAMICS,2014-15,215.76,35.29
927,CEMENT AND GYPSUM PRODUCTS,2014-15,1277.76,208.99
928,TIMBER PRODUCTS,2014-15,54.84,8.97
929,DEFENCE INDUSTRIES,2014-15,0.49,0.08
930,CONSULTANCY SERVICES,2014-15,2801.01,458.13
931,"SERVICES SECTOR (Fin.,Banking,Insurance,Non Fin/Business,Outsourcing,R&D,Courier,Tech. Testing and Analysis, Other)",2014-15,27166.09,4443.26
932,HOSPITAL & DIAGNOSTIC CENTRES,2014-15,3471.83,567.85
933,EDUCATION,2014-15,482.15,78.86
934,HOTEL & TOURISM,2014-15,4750.64,777.01
935,TRADING,2014-15,16678.75,2727.96
936,RETAIL TRADING,2014-15,1031.55,168.72
937,AGRICULTURE SERVICES,2014-15,366.53,59.95
938,"DIAMOND,GOLD ORNAMENTS",2014-15,1713.02,280.18
939,TEA AND COFFEE (PROCESSING & WAREHOUSING COFFEE & RUBBER),2014-15,8.74,1.43
940,PRINTING OF BOOKS (INCLUDING LITHO PRINTING INDUSTRY),2014-15,443.75,72.58
941,COIR,2014-15,8.32,1.36
942,CONSTRUCTION (INFRASTRUCTURE) ACTIVITIES,2014-15,5320.71,870.25
943,"CONSTRUCTION DEVELOPMENT: Townships, housing, built-up infrastructure and construction-development projects",2014-15,4702.52,769.14
944,MISCELLANEOUS INDUSTRIES,2014-15,4682.59,765.88
945,METALLURGICAL INDUSTRIES,2015-16,2987.01,456.31
946,MINING,2015-16,3408.31,520.67
947,POWER,2015-16,5687.16,868.8
948,NON-CONVENTIONAL ENERGY,2015-16,5083.03,776.51
949,COAL PRODUCTION,2015-16,0.0,0.0
950,PETROLEUM & NATURAL GAS,2015-16,674.37,103.02
951,BOILERS AND STEAM GENERATING PLANTS,2015-16,510.0,77.91
952,PRIME MOVER (OTHER THAN ELECTRICAL GENERATORS),2015-16,1041.66,159.13
953,ELECTRICAL EQUIPMENTS,2015-16,2912.18,444.88
954,COMPUTER SOFTWARE & HARDWARE,2015-16,38649.94,5904.36
955,ELECTRONICS,2015-16,1364.12,208.39
956,TELECOMMUNICATIONS,2015-16,8669.52,1324.4
957,INFORMATION & BROADCASTING (INCLUDING PRINT MEDIA),2015-16,6607.14,1009.34
958,AUTOMOBILE INDUSTRY,2015-16,16540.56,2526.82
959,AIR TRANSPORT (INCLUDING AIR FREIGHT),2015-16,2364.74,361.25
960,SEA TRANSPORT,2015-16,2810.2,429.3
961,PORTS,2015-16,0.0,0.0
962,RAILWAY RELATED COMPONENTS,2015-16,484.34,73.99
963,INDUSTRIAL MACHINERY,2015-16,3719.83,568.26
964,MACHINE TOOLS,2015-16,827.28,126.38
965,AGRICULTURAL MACHINERY,2015-16,107.62,16.44
966,EARTH-MOVING MACHINERY,2015-16,639.28,97.66
967,MISCELLANEOUS MECHANICAL & ENGINEERING INDUSTRIES,2015-16,1797.34,274.57
968,"COMMERCIAL, OFFICE & HOUSEHOLD EQUIPMENTS",2015-16,240.11,36.68
969,MEDICAL AND SURGICAL APPLIANCES,2015-16,1134.16,173.26
970,INDUSTRIAL INSTRUMENTS,2015-16,48.57,7.42
971,SCIENTIFIC INSTRUMENTS,2015-16,41.63,6.36
972,"MATHEMATICAL,SURVEYING AND DRAWING INSTRUMENTS",2015-16,0.0,0.0
973,FERTILIZERS,2015-16,137.01,20.93
974,CHEMICALS (OTHER THAN FERTILIZERS),2015-16,9622.29,1469.95
975,PHOTOGRAPHIC RAW FILM AND PAPER,2015-16,0.0,0.0
976,DYE-STUFFS,2015-16,21.73,3.32
977,DRUGS & PHARMACEUTICALS,2015-16,4937.39,754.26
978,"TEXTILES (INCLUDING DYED,PRINTED)",2015-16,1506.43,230.13
979,PAPER AND PULP (INCLUDING PAPER PRODUCTS),2015-16,557.78,85.21
980,SUGAR,2015-16,692.89,105.85
981,FERMENTATION INDUSTRIES,2015-16,1324.65,202.36
982,FOOD PROCESSING INDUSTRIES,2015-16,3311.49,505.88
983,VEGETABLE OILS AND VANASPATI,2015-16,224.0,34.22
984,"SOAPS, COSMETICS & TOILET PREPARATIONS",2015-16,1265.08,193.26
985,RUBBER GOODS,2015-16,1938.6,296.15
986,"LEATHER,LEATHER GOODS AND PICKERS",2015-16,112.13,17.13
987,GLUE AND GELATIN,2015-16,5.37,0.82
988,GLASS,2015-16,168.76,25.78
989,CERAMICS,2015-16,335.22,51.21
990,CEMENT AND GYPSUM PRODUCTS,2015-16,128.89,19.69
991,TIMBER PRODUCTS,2015-16,348.05,53.17
992,DEFENCE INDUSTRIES,2015-16,0.65,0.1
993,CONSULTANCY SERVICES,2015-16,3387.36,517.47
994,"SERVICES SECTOR (Fin.,Banking,Insurance,Non Fin/Business,Outsourcing,R&D,Courier,Tech. Testing and Analysis, Other)",2015-16,45098.41,6889.46
995,HOSPITAL & DIAGNOSTIC CENTRES,2015-16,4859.42,742.35
996,EDUCATION,2015-16,1510.69,230.78
997,HOTEL & TOURISM,2015-16,8723.79,1332.69
998,TRADING,2015-16,25171.46,3845.32
999,RETAIL TRADING,2015-16,1716.62,262.24
1000,AGRICULTURE SERVICES,2015-16,554.12,84.65
1001,"DIAMOND,GOLD ORNAMENTS",2015-16,383.2,58.54
1002,TEA AND COFFEE (PROCESSING & WAREHOUSING COFFEE & RUBBER),2015-16,7.33,1.12
1003,PRINTING OF BOOKS (INCLUDING LITHO PRINTING INDUSTRY),2015-16,803.91,122.81
1004,COIR,2015-16,0.0,0.0
1005,CONSTRUCTION (INFRASTRUCTURE) ACTIVITIES,2015-16,29527.11,4510.71
1006,"CONSTRUCTION DEVELOPMENT: Townships, housing, built-up infrastructure and construction-development projects",2015-16,736.75,112.55
1007,MISCELLANEOUS INDUSTRIES,2015-16,4377.77,668.77
1008,METALLURGICAL INDUSTRIES,2016-17,9663.61,1440.18
1009,MINING,2016-17,374.08,55.75
1010,POWER,2016-17,7468.1,1112.98
1011,NON-CONVENTIONAL ENERGY,2016-17,5257.75,783.57
1012,COAL PRODUCTION,2016-17,0.0,0.0
1013,PETROLEUM & NATURAL GAS,2016-17,1210.48,180.4
1014,BOILERS AND STEAM GENERATING PLANTS,2016-17,361.74,53.91
1015,PRIME MOVER (OTHER THAN ELECTRICAL GENERATORS),2016-17,1924.96,286.88
1016,ELECTRICAL EQUIPMENTS,2016-17,14967.93,2230.69
1017,COMPUTER SOFTWARE & HARDWARE,2016-17,24502.97,3651.71
1018,ELECTRONICS,2016-17,563.44,83.97
1019,TELECOMMUNICATIONS,2016-17,37332.36,5563.69
1020,INFORMATION & BROADCASTING (INCLUDING PRINT MEDIA),2016-17,10176.92,1516.68
1021,AUTOMOBILE INDUSTRY,2016-17,10798.54,1609.32
1022,AIR TRANSPORT (INCLUDING AIR FREIGHT),2016-17,559.61,83.4
1023,SEA TRANSPORT,2016-17,4932.25,735.06
1024,PORTS,2016-17,0.0,0.0
1025,RAILWAY RELATED COMPONENTS,2016-17,587.59,87.57
1026,INDUSTRIAL MACHINERY,2016-17,2209.6,329.3
1027,MACHINE TOOLS,2016-17,160.3,23.89
1028,AGRICULTURAL MACHINERY,2016-17,101.92,15.19
1029,EARTH-MOVING MACHINERY,2016-17,350.46,52.23
1030,MISCELLANEOUS MECHANICAL & ENGINEERING INDUSTRIES,2016-17,1645.56,245.24
1031,"COMMERCIAL, OFFICE & HOUSEHOLD EQUIPMENTS",2016-17,49.92,7.44
1032,MEDICAL AND SURGICAL APPLIANCES,2016-17,3218.85,479.71
1033,INDUSTRIAL INSTRUMENTS,2016-17,5.37,0.8
1034,SCIENTIFIC INSTRUMENTS,2016-17,514.39,76.66
1035,"MATHEMATICAL,SURVEYING AND DRAWING INSTRUMENTS",2016-17,0.0,0.0
1036,FERTILIZERS,2016-17,5.97,0.89
1037,CHEMICALS (OTHER THAN FERTILIZERS),2016-17,9345.69,1392.8
1038,PHOTOGRAPHIC RAW FILM AND PAPER,2016-17,0.0,0.0
1039,DYE-STUFFS,2016-17,71.8,10.7
1040,DRUGS & PHARMACEUTICALS,2016-17,5753.09,857.39
1041,"TEXTILES (INCLUDING DYED,PRINTED)",2016-17,4153.15,618.95
1042,PAPER AND PULP (INCLUDING PAPER PRODUCTS),2016-17,1325.96,197.61
1043,SUGAR,2016-17,106.82,15.92
1044,FERMENTATION INDUSTRIES,2016-17,743.87,110.86
1045,FOOD PROCESSING INDUSTRIES,2016-17,4879.65,727.22
1046,VEGETABLE OILS AND VANASPATI,2016-17,727.7,108.45
1047,"SOAPS, COSMETICS & TOILET PREPARATIONS",2016-17,621.35,92.6
1048,RUBBER GOODS,2016-17,1763.12,262.76
1049,"LEATHER,LEATHER GOODS AND PICKERS",2016-17,15.43,2.3
1050,GLUE AND GELATIN,2016-17,607.93,90.6
1051,GLASS,2016-17,346.84,51.69
1052,CERAMICS,2016-17,103.33,15.4
1053,CEMENT AND GYPSUM PRODUCTS,2016-17,14292.97,2130.1
1054,TIMBER PRODUCTS,2016-17,68.64,10.23
1055,DEFENCE INDUSTRIES,2016-17,0.0,0.0
1056,CONSULTANCY SERVICES,2016-17,1752.25,261.14
1057,"SERVICES SECTOR (Fin.,Banking,Insurance,Non Fin/Business,Outsourcing,R&D,Courier,Tech. Testing and Analysis, Other)",2016-17,58270.11,8684.07
1058,HOSPITAL & DIAGNOSTIC CENTRES,2016-17,5014.92,747.38
1059,EDUCATION,2016-17,1074.41,160.12
1060,HOTEL & TOURISM,2016-17,6147.23,916.13
1061,TRADING,2016-17,15690.66,2338.4
1062,RETAIL TRADING,2016-17,3025.81,450.94
1063,AGRICULTURE SERVICES,2016-17,512.85,76.43
1064,"DIAMOND,GOLD ORNAMENTS",2016-17,831.5,123.92
1065,TEA AND COFFEE (PROCESSING & WAREHOUSING COFFEE & RUBBER),2016-17,10.74,1.6
1066,PRINTING OF BOOKS (INCLUDING LITHO PRINTING INDUSTRY),2016-17,356.77,53.17
1067,COIR,2016-17,0.0,0.0
1068,CONSTRUCTION (INFRASTRUCTURE) ACTIVITIES,2016-17,12485.5,1860.73
1069,"CONSTRUCTION DEVELOPMENT: Townships, housing, built-up infrastructure and construction-development projects",2016-17,705.49,105.14
1070,MISCELLANEOUS INDUSTRIES,2016-17,1988.84,296.4
